timestamp_utc,denver_local_hint,message_type,text
2026-07-17T05:37:14Z,05,reminder,"Routine Agent here. Water reminder! Reply here once you have had some and I will log it."
2026-07-17T12:37:15Z,12,reply,"Yes"
2026-07-17T12:37:15Z,12,morning,"Good morning!! I am Routine Agent. Time for your first water break of the day -- reply here once you have had some and I will log it."
2026-07-17T13:51:01Z,13,reply,"No"
2026-07-17T13:51:01Z,13,reminder,"Routine Agent here. Water reminder! Reply here once you have had some and I will log it."
2026-07-17T15:10:40Z,15,reply,"No"
2026-07-17T15:10:40Z,15,reminder,"Routine Agent here. Water reminder! Reply here once you have had some and I will log it."
2026-07-17T16:34:05Z,16,reply,"Yes"
2026-07-17T16:34:05Z,16,reminder,"Routine Agent here. Water reminder! Reply here once you have had some and I will log it."
2026-07-17T17:51:00Z,17,reminder,"Routine Agent here. Water reminder! Reply here once you have had some and I will log it."
2026-07-17T19:10:59Z,19,reminder,"Routine Agent here. Water reminder! Reply here once you have had some and I will log it."
2026-07-17T20:36:37Z,20,reply,"Yes"
2026-07-17T20:36:52Z,20,reminder,"Routine Agent here. Water reminder! Reply here once you have had some and I will log it."
2026-07-17T21:50:44Z,21,reminder,"Routine Agent here. Water reminder! Reply here once you have had some and I will log it."
2026-07-17T23:10:59Z,23,reminder,"Routine Agent here. Water reminder! Reply here once you have had some and I will log it."
2026-07-18T00:34:08Z,00,reply,"Yes"
2026-07-18T00:34:08Z,00,reminder,"Routine Agent here. Water reminder! Reply here once you have had some and I will log it."
2026-07-18T01:50:58Z,01,reply,"Yes"
2026-07-18T01:50:58Z,01,reminder,"Routine Agent here. Water reminder! Reply here once you have had some and I will log it."
2026-07-18T03:10:52Z,03,reply,"Yes"
2026-07-18T03:10:52Z,03,reminder,"Routine Agent here. Water reminder! Reply here once you have had some and I will log it."
2026-07-18T12:34:30Z,12,reply,"Yes"
2026-07-18T12:34:34Z,12,morning,"Good morning!! I am Routine Agent. Time for your first water break of the day -- reply here once you have had some and I will log it."
2026-07-18T13:50:41Z,13,reminder,"Routine Agent here. Water reminder! Reply here once you have had some and I will log it."
2026-07-18T15:10:42Z,15,reminder,"Routine Agent here. Water reminder! Reply here once you have had some and I will log it."
2026-07-18T17:50:57Z,17,reminder,"Routine Agent here. Water reminder! Reply here once you have had some and I will log it."
2026-07-18T19:10:44Z,19,reminder,"Routine Agent here. Water reminder! Reply here once you have had some and I will log it."
2026-07-18T20:33:57Z,20,reminder,"Routine Agent here. Water reminder! Reply here once you have had some and I will log it."
2026-07-18T21:50:50Z,21,reply,"Yes"
2026-07-18T21:50:50Z,21,reminder,"Routine Agent here. Water reminder! Reply here once you have had some and I will log it."
2026-07-19T02:25:45Z,02,reminder,"Routine Agent here. Water reminder! Reply here once you have had some and I will log it."
2026-07-19T02:59:03Z,02,reply,"Yes"
2026-07-19T02:59:03Z,02,reminder,"Routine Agent here. Water reminder! Reply here once you have had some and I will log it."
2026-07-19T03:10:56Z,03,reminder,"Routine Agent here. Water reminder! Reply here once you have had some and I will log it."
2026-07-19T04:10:50Z,04,reminder,"Routine Agent here. Water reminder! Reply here once you have had some and I will log it."
2026-07-19T12:34:00Z,12,reply,"Yes"
2026-07-19T12:34:00Z,12,morning,"Good morning!! I am Routine Agent. Time for your first water break of the day -- reply here once you have had some and I will log it."
2026-07-19T13:50:50Z,13,reminder,"Routine Agent here. Water reminder! Reply here once you have had some and I will log it."
2026-07-19T15:10:35Z,15,reminder,"Routine Agent here. Water reminder! Reply here once you have had some and I will log it."
2026-07-19T16:33:56Z,16,reply,"Yes"
2026-07-19T16:33:56Z,16,reminder,"Routine Agent here. Water reminder! Reply here once you have had some and I will log it."
2026-07-19T17:51:07Z,17,reminder,"Routine Agent here. Water reminder! Reply here once you have had some and I will log it."
2026-07-19T19:10:56Z,19,reminder,"Routine Agent here. Water reminder! Reply here once you have had some and I will log it."
2026-07-19T20:34:07Z,20,reminder,"Routine Agent here. Water reminder! Reply here once you have had some and I will log it."
2026-07-19T21:50:38Z,21,reminder,"Routine Agent here. Water reminder! Reply here once you have had some and I will log it."
2026-07-19T23:10:53Z,23,reply,"Yes"
2026-07-19T23:10:53Z,23,reminder,"Routine Agent here. Water reminder! Reply here once you have had some and I will log it."
2026-07-20T00:33:44Z,00,reminder,"Routine Agent here. Water reminder! Reply here once you have had some and I will log it."
2026-07-20T01:50:36Z,01,reminder,"Routine Agent here. Water reminder! Reply here once you have had some and I will log it."
2026-07-20T03:10:45Z,03,reminder,"Routine Agent here. Water reminder! Reply here once you have had some and I will log it."
2026-07-20T04:11:00Z,04,reminder,"Routine Agent here. Water reminder! Reply here once you have had some and I will log it."
2026-07-20T12:34:19Z,12,reply,"Yes"
2026-07-20T12:34:21Z,12,morning,"Good morning!! I am Routine Agent. Time for your first water break of the day -- reply here once you have had some and I will log it."
2026-07-20T13:50:39Z,13,reminder,"Routine Agent here. Water reminder! Reply here once you have had some and I will log it."
2026-07-20T15:10:35Z,15,reminder,"Routine Agent here. Water reminder! Reply here once you have had some and I will log it."
2026-07-20T16:33:50Z,16,reply,"Yes"
2026-07-20T16:33:50Z,16,reminder,"Routine Agent here. Water reminder! Reply here once you have had some and I will log it."
2026-07-20T17:50:59Z,17,reminder,"Routine Agent here. Water reminder! Reply here once you have had some and I will log it."
2026-07-20T19:10:41Z,19,reminder,"Routine Agent here. Water reminder! Reply here once you have had some and I will log it."
2026-07-20T20:34:25Z,20,reminder,"Routine Agent here. Water reminder! Reply here once you have had some and I will log it."
2026-07-20T21:50:43Z,21,reply,"Yes"
2026-07-20T21:50:43Z,21,reminder,"Routine Agent here. Water reminder! Reply here once you have had some and I will log it."
2026-07-20T23:10:55Z,23,reminder,"Routine Agent here. Water reminder! Reply here once you have had some and I will log it."
2026-07-21T00:33:48Z,00,reminder,"Routine Agent here. Water reminder! Reply here once you have had some and I will log it."
2026-07-21T01:50:48Z,01,reply,"Yes"
2026-07-21T01:50:48Z,01,reminder,"Routine Agent here. Water reminder! Reply here once you have had some and I will log it."
2026-07-21T03:10:49Z,03,reminder,"Routine Agent here. Water reminder! Reply here once you have had some and I will log it."
2026-07-21T04:11:08Z,04,reminder,"Routine Agent here. Water reminder! Reply here once you have had some and I will log it."
2026-07-21T12:34:16Z,12,reply,"Yes"
2026-07-21T12:34:19Z,12,morning,"Good morning!! I am Routine Agent. Time for your first water break of the day -- reply here once you have had some and I will log it."
2026-07-21T13:50:47Z,13,reminder,"Routine Agent here. Water reminder! Reply here once you have had some and I will log it."
2026-07-21T15:10:38Z,15,reminder,"Routine Agent here. Water reminder! Reply here once you have had some and I will log it."
2026-07-21T16:33:59Z,16,reply,"Yes"
2026-07-21T16:33:59Z,16,reminder,"Routine Agent here. Water reminder! Reply here once you have had some and I will log it."
2026-07-21T17:51:07Z,17,reminder,"Routine Agent here. Water reminder! Reply here once you have had some and I will log it."
2026-07-21T19:10:39Z,19,reminder,"Routine Agent here. Water reminder! Reply here once you have had some and I will log it."
2026-07-21T20:34:08Z,20,reminder,"Routine Agent here. Water reminder! Reply here once you have had some and I will log it."
2026-07-21T21:50:42Z,21,reply,"Yes"
2026-07-21T21:50:42Z,21,reminder,"Routine Agent here. Water reminder! Reply here once you have had some and I will log it."
2026-07-21T23:10:53Z,23,reminder,"Routine Agent here. Water reminder! Reply here once you have had some and I will log it."
2026-07-22T00:33:46Z,00,reminder,"Routine Agent here. Water reminder! Reply here once you have had some and I will log it."
2026-07-22T01:50:53Z,01,reply,"Yes"
2026-07-22T01:50:53Z,01,reminder,"Routine Agent here. Water reminder! Reply here once you have had some and I will log it."
2026-07-22T03:10:50Z,03,reminder,"Routine Agent here. Water reminder! Reply here once you have had some and I will log it."
2026-07-22T04:11:10Z,04,reminder,"Routine Agent here. Water reminder! Reply here once you have had some and I will log it."
2026-07-22T12:34:19Z,12,reply,"Yes"
2026-07-22T12:34:21Z,12,morning,"Good morning!! I am Routine Agent. Time for your first water break of the day -- reply here once you have had some and I will log it."
2026-07-22T13:50:42Z,13,reminder,"Routine Agent here. Water reminder! Reply here once you have had some and I will log it."
2026-07-22T15:11:07Z,15,reminder,"Routine Agent here. Water reminder! Reply here once you have had some and I will log it."
2026-07-22T15:11:39Z,15,reply,"Yes"
2026-07-22T16:34:25Z,16,reminder,"Routine Agent here. Water reminder! Reply here once you have had some and I will log it."
2026-07-22T17:51:12Z,17,reply,"Yes"
2026-07-22T17:51:12Z,17,reminder,"Routine Agent here. Water reminder! Reply here once you have had some and I will log it."
2026-07-22T19:10:44Z,19,reminder,"Routine Agent here. Water reminder! Reply here once you have had some and I will log it."
2026-07-22T20:34:51Z,20,reminder,"Routine Agent here. Water reminder! Reply here once you have had some and I will log it."
2026-07-22T21:51:11Z,21,reminder,"Routine Agent here. Water reminder! Reply here once you have had some and I will log it."
2026-07-22T23:11:03Z,23,reminder,"Routine Agent here. Water reminder! Reply here once you have had some and I will log it."
2026-07-23T00:34:05Z,00,reply,"Yes"
2026-07-23T00:34:05Z,00,reminder,"Routine Agent here. Water reminder! Reply here once you have had some and I will log it."
2026-07-23T01:51:12Z,01,reminder,"Routine Agent here. Water reminder! Reply here once you have had some and I will log it."
2026-07-23T03:11:03Z,03,reminder,"Routine Agent here. Water reminder! Reply here once you have had some and I will log it."
2026-07-23T12:34:27Z,12,morning,"Good morning!! I am Routine Agent. Time for your first water break of the day -- reply here once you have had some and I will log it."
2026-07-23T13:50:44Z,13,reminder,"Routine Agent here. Water reminder! Reply here once you have had some and I will log it."
2026-07-23T15:11:03Z,15,reminder,"Routine Agent here. Water reminder! Reply here once you have had some and I will log it."
2026-07-23T16:34:05Z,16,reminder,"Routine Agent here. Water reminder! Reply here once you have had some and I will log it."
2026-07-23T17:51:06Z,17,reminder,"Routine Agent here. Water reminder! Reply here once you have had some and I will log it."
2026-07-23T19:11:00Z,19,reminder,"Routine Agent here. Water reminder! Reply here once you have had some and I will log it."
2026-07-23T20:34:18Z,20,reminder,"Routine Agent here. Water reminder! Reply here once you have had some and I will log it."
2026-07-23T21:50:52Z,21,reminder,"Routine Agent here. Water reminder! Reply here once you have had some and I will log it."
2026-07-23T23:10:56Z,23,reminder,"Routine Agent here. Water reminder! Reply here once you have had some and I will log it."
2026-07-24T00:34:26Z,00,reply,"Yes"
2026-07-24T00:34:26Z,00,reminder,"Routine Agent here. Water reminder! Reply here once you have had some and I will log it."
2026-07-24T01:50:55Z,01,reminder,"Routine Agent here. Water reminder! Reply here once you have had some and I will log it."
2026-07-24T03:11:03Z,03,reminder,"Routine Agent here. Water reminder! Reply here once you have had some and I will log it."
2026-07-24T12:34:39Z,12,morning,"Good morning!! I am Routine Agent. Time for your first water break of the day -- reply here once you have had some and I will log it."
2026-07-24T13:51:02Z,13,reminder,"Routine Agent here. Water reminder! Reply here once you have had some and I will log it."
2026-07-24T15:11:08Z,15,reminder,"Routine Agent here. Water reminder! Reply here once you have had some and I will log it."
2026-07-24T16:34:28Z,16,reminder,"Routine Agent here. Water reminder! Reply here once you have had some and I will log it."
2026-07-24T17:51:23Z,17,reminder,"Routine Agent here. Water reminder! Reply here once you have had some and I will log it."
2026-07-24T19:11:02Z,19,reminder,"Routine Agent here. Water reminder! Reply here once you have had some and I will log it."
2026-07-24T20:34:35Z,20,reminder,"Routine Agent here. Water reminder! Reply here once you have had some and I will log it."
2026-07-24T21:50:59Z,21,reminder,"Routine Agent here. Water reminder! Reply here once you have had some and I will log it."
2026-07-24T23:10:49Z,23,reminder,"Routine Agent here. Water reminder! Reply here once you have had some and I will log it."
2026-07-25T00:34:14Z,00,reply,"Yes"
2026-07-25T00:34:14Z,00,reminder,"Routine Agent here. Water reminder! Reply here once you have had some and I will log it."
2026-07-25T01:50:52Z,01,reminder,"Routine Agent here. Water reminder! Reply here once you have had some and I will log it."
2026-07-25T03:10:50Z,03,reply,"Yes"
2026-07-25T03:10:50Z,03,reminder,"Routine Agent here. Water reminder! Reply here once you have had some and I will log it."
2026-07-25T12:33:56Z,12,morning,"Good morning!! I am Routine Agent. Time for your first water break of the day -- reply here once you have had some and I will log it."
2026-07-25T13:50:58Z,13,reminder,"Routine Agent here. Water reminder! Reply here once you have had some and I will log it."
2026-07-25T15:10:46Z,15,reminder,"Routine Agent here. Water reminder! Reply here once you have had some and I will log it."
2026-07-25T15:47:11Z,16,reply,"Yes"
2026-07-25T16:34:22Z,16,reminder,"Routine Agent here. Water reminder! Reply here once you have had some and I will log it."
2026-07-25T17:50:55Z,17,reply,"He's"
2026-07-25T17:50:55Z,17,reminder,"Routine Agent here. Water reminder! Reply here once you have had some and I will log it."
2026-07-25T19:10:55Z,19,reminder,"Routine Agent here. Water reminder! Reply here once you have had some and I will log it."
2026-07-25T20:34:41Z,20,reminder,"Routine Agent here. Water reminder! Reply here once you have had some and I will log it."
2026-07-25T21:50:36Z,21,reminder,"Routine Agent here. Water reminder! Reply here once you have had some and I will log it."
2026-07-25T23:10:53Z,23,reminder,"Routine Agent here. Water reminder! Reply here once you have had some and I will log it."
2026-07-26T00:34:06Z,00,reminder,"Routine Agent here. Water reminder! Reply here once you have had some and I will log it."
2026-07-26T01:50:31Z,01,reminder,"Routine Agent here. Water reminder! Reply here once you have had some and I will log it."
2026-07-26T03:11:00Z,03,reply,"Yes"
2026-07-26T03:11:00Z,03,reminder,"Routine Agent here. Water reminder! Reply here once you have had some and I will log it."
2026-07-26T12:34:37Z,12,morning,"Good morning!! I am Routine Agent. Time for your first water break of the day -- reply here once you have had some and I will log it."
2026-07-26T13:50:57Z,13,reminder,"Routine Agent here. Water reminder! Reply here once you have had some and I will log it."
2026-07-26T15:10:49Z,15,reminder,"Routine Agent here. Water reminder! Reply here once you have had some and I will log it."
2026-07-26T16:34:06Z,16,reminder,"Routine Agent here. Water reminder! Reply here once you have had some and I will log it."
2026-07-26T17:50:39Z,17,reminder,"Routine Agent here. Water reminder! Reply here once you have had some and I will log it."
2026-07-26T19:10:49Z,19,reply,"Yes"
2026-07-26T19:10:49Z,19,reminder,"Routine Agent here. Water reminder! Reply here once you have had some and I will log it."
2026-07-26T20:34:35Z,20,reminder,"Routine Agent here. Water reminder! Reply here once you have had some and I will log it."
2026-07-26T21:50:44Z,21,reminder,"Routine Agent here. Water reminder! Reply here once you have had some and I will log it."
2026-07-26T23:11:20Z,23,reminder,"Routine Agent here. Water reminder! Reply here once you have had some and I will log it."
2026-07-27T00:34:13Z,00,reply,"Yes"
2026-07-27T00:34:13Z,00,reminder,"Routine Agent here. Water reminder! Reply here once you have had some and I will log it."
2026-07-27T01:50:59Z,01,reminder,"Routine Agent here. Water reminder! Reply here once you have had some and I will log it."
2026-07-27T03:10:38Z,03,reminder,"Routine Agent here. Water reminder! Reply here once you have had some and I will log it."
2026-07-27T12:34:51Z,12,morning,"Good morning!! I am Routine Agent. Time for your first water break of the day -- reply here once you have had some and I will log it."
2026-07-27T13:50:55Z,13,reminder,"Routine Agent here. Water reminder! Reply here once you have had some and I will log it."
2026-07-27T15:11:02Z,15,reminder,"Routine Agent here. Water reminder! Reply here once you have had some and I will log it."
2026-07-27T16:34:15Z,16,reminder,"Routine Agent here. Water reminder! Reply here once you have had some and I will log it."
2026-07-27T17:51:30Z,17,reminder,"Routine Agent here. Water reminder! Reply here once you have had some and I will log it."
2026-07-27T19:11:05Z,19,reminder,"Routine Agent here. Water reminder! Reply here once you have had some and I will log it."
2026-07-27T20:34:19Z,20,reminder,"Routine Agent here. Water reminder! Reply here once you have had some and I will log it."
2026-07-27T21:51:25Z,21,reminder,"Routine Agent here. Water reminder! Reply here once you have had some and I will log it."
2026-07-27T23:11:17Z,23,reminder,"Routine Agent here. Water reminder! Reply here once you have had some and I will log it."
2026-07-28T00:34:09Z,00,reply,"Yes"
2026-07-28T00:34:09Z,00,reminder,"Routine Agent here. Water reminder! Reply here once you have had some and I will log it."
2026-07-28T01:50:53Z,01,reminder,"Routine Agent here. Water reminder! Reply here once you have had some and I will log it."
2026-07-28T03:10:59Z,03,reminder,"Routine Agent here. Water reminder! Reply here once you have had some and I will log it."
2026-07-28T12:34:49Z,12,reply,"iTunes"
2026-07-28T12:34:49Z,12,morning,"Good morning!! I am Routine Agent. Time for your first water break of the day -- reply here once you have had some and I will log it."
2026-07-28T13:51:22Z,13,reply,"Yes"
2026-07-28T13:51:22Z,13,reminder,"Routine Agent here. Water reminder! Reply here once you have had some and I will log it."
2026-07-28T15:11:08Z,15,reply,"Yes"
2026-07-28T15:11:08Z,15,reminder,"Routine Agent here. Water reminder! Reply here once you have had some and I will log it."
2026-07-28T16:23:10Z,16,reply,"Yes"
2026-07-28T16:34:16Z,16,reminder,"Routine Agent here. Water reminder! Reply here once you have had some and I will log it."
2026-07-28T17:50:56Z,17,reminder,"Routine Agent here. Water reminder! Reply here once you have had some and I will log it."
2026-07-28T19:10:45Z,19,reminder,"Routine Agent here. Water reminder! Reply here once you have had some and I will log it."
2026-07-28T20:34:11Z,20,reminder,"Routine Agent here. Water reminder! Reply here once you have had some and I will log it."
2026-07-28T21:51:18Z,21,reminder,"Routine Agent here. Water reminder! Reply here once you have had some and I will log it."
2026-07-28T23:10:52Z,23,reminder,"Routine Agent here. Water reminder! Reply here once you have had some and I will log it."
2026-07-29T00:34:02Z,00,reply,"Yes"
2026-07-29T00:34:02Z,00,reminder,"Routine Agent here. Water reminder! Reply here once you have had some and I will log it."
2026-07-29T01:50:54Z,01,reminder,"Routine Agent here. Water reminder! Reply here once you have had some and I will log it."
2026-07-29T03:10:56Z,03,reminder,"Routine Agent here. Water reminder! Reply here once you have had some and I will log it."
2026-07-29T12:34:21Z,12,morning,"Good morning!! I am Routine Agent. Time for your first water break of the day -- reply here once you have had some and I will log it."
2026-07-29T13:50:36Z,13,reminder,"Routine Agent here. Water reminder! Reply here once you have had some and I will log it."
2026-07-29T15:10:57Z,15,reply,"Yes"
2026-07-29T15:10:57Z,15,reminder,"Routine Agent here. Water reminder! Reply here once you have had some and I will log it."
2026-07-29T16:35:06Z,16,reminder,"Routine Agent here. Water reminder! Reply here once you have had some and I will log it."
2026-07-29T17:50:55Z,17,reminder,"Routine Agent here. Water reminder! Reply here once you have had some and I will log it."
2026-07-29T19:11:00Z,19,reminder,"Routine Agent here. Water reminder! Reply here once you have had some and I will log it."
2026-07-29T20:33:56Z,20,reminder,"Routine Agent here. Water reminder! Reply here once you have had some and I will log it."
2026-07-29T21:50:58Z,21,reminder,"Routine Agent here. Water reminder! Reply here once you have had some and I will log it."
2026-07-29T23:10:54Z,23,reminder,"Routine Agent here. Water reminder! Reply here once you have had some and I will log it."
2026-07-30T00:34:50Z,00,reminder,"Routine Agent here. Water reminder! Reply here once you have had some and I will log it."
2026-07-30T01:51:05Z,01,reminder,"Routine Agent here. Water reminder! Reply here once you have had some and I will log it."
2026-07-30T03:10:49Z,03,reminder,"Routine Agent here. Water reminder! Reply here once you have had some and I will log it."
2026-07-30T12:34:19Z,12,morning,"Good morning!! I am Routine Agent. Time for your first water break of the day -- reply here once you have had some and I will log it."
2026-07-30T13:50:36Z,07,reply,"Yes"
2026-07-30T13:50:36Z,07,reminder,"Routine Agent here. Water reminder! Reply here once you have had some and I will log it."
2026-07-30T15:11:13Z,15,reminder,"Routine Agent here. Water reminder! Reply here once you have had some and I will log it."
2026-07-30T16:34:29Z,16,reminder,"Routine Agent here. Water reminder! Reply here once you have had some and I will log it."
2026-07-30T17:50:48Z,17,reminder,"Routine Agent here. Water reminder! Reply here once you have had some and I will log it."
2026-07-30T19:10:59Z,19,reply,"Yes"
2026-07-30T19:10:59Z,19,reminder,"Routine Agent here. Water reminder! Reply here once you have had some and I will log it."
2026-07-30T20:34:11Z,20,reminder,"Routine Agent here. Water reminder! Reply here once you have had some and I will log it."
2026-07-30T21:50:59Z,21,reminder,"Routine Agent here. Water reminder! Reply here once you have had some and I will log it."
2026-07-30T23:10:40Z,23,reminder,"Routine Agent here. Water reminder! Reply here once you have had some and I will log it."
2026-07-31T00:34:16Z,00,reminder,"Routine Agent here. Water reminder! Reply here once you have had some and I will log it."
2026-07-31T01:50:38Z,01,reminder,"Routine Agent here. Water reminder! Reply here once you have had some and I will log it."
2026-07-31T03:10:41Z,03,reply,"Yes"
2026-07-31T03:10:41Z,03,reminder,"Routine Agent here. Water reminder! Reply here once you have had some and I will log it."
2026-07-31T12:34:43Z,12,morning,"Good morning!! I am Routine Agent. Time for your first water break of the day -- reply here once you have had some and I will log it."
2026-07-31T13:50:47Z,13,reminder,"Routine Agent here. Water reminder! Reply here once you have had some and I will log it."
2026-07-31T15:10:48Z,15,reminder,"Routine Agent here. Water reminder! Reply here once you have had some and I will log it."
2026-07-31T16:34:13Z,16,reminder,"Routine Agent here. Water reminder! Reply here once you have had some and I will log it."
2026-07-31T17:51:13Z,17,reminder,"Routine Agent here. Water reminder! Reply here once you have had some and I will log it."
2026-07-31T19:11:06Z,19,reminder,"Routine Agent here. Water reminder! Reply here once you have had some and I will log it."
2026-07-31T20:34:24Z,20,reminder,"Routine Agent here. Water reminder! Reply here once you have had some and I will log it."
2026-07-31T21:50:40Z,21,reply,"Yes"
2026-07-31T21:50:40Z,21,reminder,"Routine Agent here. Water reminder! Reply here once you have had some and I will log it."
2026-07-31T23:10:58Z,23,reminder,"Routine Agent here. Water reminder! Reply here once you have had some and I will log it."
2026-08-01T00:34:48Z,00,reminder,"Routine Agent here. Water reminder! Reply here once you have had some and I will log it."
2026-08-01T01:51:08Z,01,reminder,"Routine Agent here. Water reminder! Reply here once you have had some and I will log it."
2026-08-01T03:11:02Z,03,reminder,"Routine Agent here. Water reminder! Reply here once you have had some and I will log it."
2026-08-01T12:34:45Z,6am,"morning","Good morning!! I am Routine Agent. Time for your first water break of the day -- reply here once you have had some and I will log it."
2026-08-01T13:51:20Z,13,reminder,"Routine Agent here. Water reminder! Reply here once you have had some and I will log it."
2026-08-01T15:10:42Z,15,reminder,"Routine Agent here. Water reminder! Reply here once you have had some and I will log it."
2026-08-01T16:33:59Z,16,reminder,"Routine Agent here. Water reminder! Reply here once you have had some and I will log it."
2026-08-01T17:51:12Z,17,reminder,Routine Agent here. Water reminder! Reply here once you have had some and I will log it.
2026-08-01T19:11:01Z,19,reminder,"Routine Agent here. Water reminder! Reply here once you have had some and I will log it."
2026-08-01T20:34:34Z,20,reminder,"Routine Agent here. Water reminder! Reply here once you have had some and I will log it."
2026-08-01T21:51:13Z,21,reminder,"Routine Agent here. Water reminder! Reply here once you have had some and I will log it."
2026-08-01T23:10:57Z,23,reminder,"Routine Agent here. Water reminder! Reply here once you have had some and I will log it."
2026-08-02T00:34:10Z,00,reminder,"Routine Agent here. Water reminder! Reply here once you have had some and I will log it."
2026-08-02T01:50:46Z,01,reminder,"Routine Agent here. Water reminder! Reply here once you have had some and I will log it."
2026-08-02T03:11:06Z,03,reply,"Yes"
2026-08-02T03:11:06Z,03,reminder,"Routine Agent here. Water reminder! Reply here once you have had some and I will log it."
2026-08-02T12:34:32Z,12,morning,"Good morning!! I am Routine Agent. Time for your first water break of the day -- reply here once you have had some and I will log it."
2026-08-02T13:51:08Z,13,reminder,"Routine Agent here. Water reminder! Reply here once you have had some and I will log it."
2026-08-02T15:10:45Z,15,reminder,"Routine Agent here. Water reminder! Reply here once you have had some and I will log it."
2026-08-02T16:34:30Z,16,reminder,"Routine Agent here. Water reminder! Reply here once you have had some and I will log it."
2026-08-02T17:51:17Z,17,reminder,"Routine Agent here. Water reminder! Reply here once you have had some and I will log it."
2026-08-02T19:11:05Z,19,reminder,"Routine Agent here. Water reminder! Reply here once you have had some and I will log it."
2026-08-02T20:34:37Z,20,reminder,"Routine Agent here. Water reminder! Reply here once you have had some and I will log it."
2026-08-02T21:51:00Z,21,reminder,"Routine Agent here. Water reminder! Reply here once you have had some and I will log it."
2026-08-02T23:10:55Z,23,reminder,"Routine Agent here. Water reminder! Reply here once you have had some and I will log it."
2026-08-03T00:34:35Z,00,reminder,"Routine Agent here. Water reminder! Reply here once you have had some and I will log it."
2026-08-03T00:38:16Z,00,reply,"Yes"
2026-08-03T01:50:40Z,01,reminder,"Routine Agent here. Water reminder! Reply here once you have had some and I will log it."
2026-08-03T03:11:03Z,03,reminder,"Routine Agent here. Water reminder! Reply here once you have had some and I will log it."
2026-08-03T12:34:47Z,12,reply,"Yes"
2026-08-03T12:34:47Z,12,morning,"Good morning!! I am Routine Agent. Time for your first water break of the day -- reply here once you have had some and I will log it."
2026-08-03T13:51:10Z,13,reminder,"Routine Agent here. Water reminder! Reply here once you have had some and I will log it."
2026-08-03T15:11:09Z,15,reminder,"Routine Agent here. Water reminder! Reply here once you have had some and I will log it."
2026-08-03T16:34:29Z,16,reminder,"Routine Agent here. Water reminder! Reply here once you have had some and I will log it."
2026-08-03T17:11:09Z,17,reply,"Yes"
2026-08-03T17:50:45Z,17,reminder,"Routine Agent here. Water reminder! Reply here once you have had some and I will log it."
2026-08-03T19:13:27Z,19,reminder,"Routine Agent here. Water reminder! Reply here once you have had some and I will log it."
2026-08-03T20:34:42Z,20,reminder,"Routine Agent here. Water reminder! Reply here once you have had some and I will log it."
2026-08-03T21:51:31Z,21,reminder,"Routine Agent here. Water reminder! Reply here once you have had some and I will log it."
2026-08-03T23:14:38Z,23,reminder,"Routine Agent here. Water reminder! Reply here once you have had some and I will log it."
2026-08-04T00:34:52Z,00,reminder,"Routine Agent here. Water reminder! Reply here once you have had some and I will log it."
2026-08-04T01:50:55Z,01,reminder,"Routine Agent here. Water reminder! Reply here once you have had some and I will log it."
2026-08-04T03:12:00Z,03,reminder,"Routine Agent here. Water reminder! Reply here once you have had some and I will log it."
2026-08-04T12:35:10Z,12,reply,"Yes"
2026-08-04T12:35:10Z,12,morning,"Good morning!! I am Routine Agent. Time for your first water break of the day -- reply here once you have had some and I will log it."
2026-08-04T13:50:47Z,13,reminder,"Routine Agent here. Water reminder! Reply here once you have had some and I will log it."
2026-08-04T15:19:30Z,15,reminder,"Routine Agent here. Water reminder! Reply here once you have had some and I will log it."
2026-08-04T16:34:20Z,16,reminder,"Routine Agent here. Water reminder! Reply here once you have had some and I will log it."
2026-08-04T17:51:05Z,17,reminder,"Routine Agent here. Water reminder! Reply here once you have had some and I will log it."
2026-08-04T19:11:56Z,19,reminder,"Routine Agent here. Water reminder! Reply here once you have had some and I will log it."
2026-08-17T23:12:56Z,23,reminder,"Routine Agent here. Water reminder! Reply here once you have had some and I will log it."
2026-08-18T00:34:13Z,00,reminder,"Routine Agent here. Water reminder! Reply here once you have had some and I will log it."
2026-08-18T01:51:11Z,01,reminder,"Routine Agent here. Water reminder! Reply here once you have had some and I will log it."
2026-08-18T03:11:29Z,03,reminder,"Routine Agent here. Water reminder! Reply here once you have had some and I will log it."
2026-08-18T12:34:44Z,12,morning,"Good morning!! I am Routine Agent. Time for your first water break of the day -- reply here once you have had some and I will log it."
2026-08-18T13:51:10Z,13,reminder,"Routine Agent here. Water reminder! Reply here once you have had some and I will log it."
2026-08-18T15:16:43Z,15,reminder,"Routine Agent here. Water reminder! Reply here once you have had some and I will log it."
2026-08-18T16:34:35Z,16,reminder,"Routine Agent here. Water reminder! Reply here once you have had some and I will log it."
2026-08-18T17:51:32Z,17,reminder,"Routine Agent here. Water reminder! Reply here once you have had some and I will log it."
2026-08-18T19:10:53Z,19,reminder,"Routine Agent here. Water reminder! Reply here once you have had some and I will log it."
2026-08-18T20:34:55Z,20,reminder,"Routine Agent here. Water reminder! Reply here once you have had some and I will log it."
2026-08-18T21:51:14Z,21,reminder,"Routine Agent here. Water reminder! Reply here once you have had some and I will log it."
2026-08-18T23:12:54Z,23,reminder,"Routine Agent here. Water reminder! Reply here once you have had some and I will log it."
2026-08-19T00:34:27Z,00,reminder,"Routine Agent here. Water reminder! Reply here once you have had some and I will log it."
2026-08-19T01:51:01Z,01,reminder,"Routine Agent here. Water reminder! Reply here once you have had some and I will log it."
2026-08-19T03:11:57Z,03,reminder,"Routine Agent here. Water reminder! Reply here once you have had some and I will log it."
2026-08-19T12:34:51Z,12,morning,"Good morning!! I am Routine Agent. Time for your first water break of the day -- reply here once you have had some and I will log it."
2026-08-19T13:51:16Z,13,reminder,"Routine Agent here. Water reminder! Reply here once you have had some and I will log it."
2026-08-19T15:15:41Z,15,reminder,"Routine Agent here. Water reminder! Reply here once you have had some and I will log it."
2026-08-19T16:34:27Z,16,reminder,"Routine Agent here. Water reminder! Reply here once you have had some and I will log it."
2026-08-19T17:51:34Z,17,reminder,"Routine Agent here. Water reminder! Reply here once you have had some and I will log it."
2026-08-19T19:11:22Z,19,reminder,"Routine Agent here. Water reminder! Reply here once you have had some and I will log it."
2026-08-19T20:34:23Z,20,reminder,"Routine Agent here. Water reminder! Reply here once you have had some and I will log it."
2026-08-19T21:51:10Z,21,reminder,"Routine Agent here. Water reminder! Reply here once you have had some and I will log it."
2026-08-20T00:34:42Z,00,reminder,"Routine Agent here. Water reminder! Reply here once you have had some and I will log it."
